timestamp,src_ip,dns.rrname,dest_ip
2025-08-08T00:00:00.140623+0800,60.9.1.51,taurus.ns.atrustdns.com,159.226.8.6
2025-08-08T00:00:00.140656+0800,159.226.216.86,mobile.events.data.microsoft.com,159.226.8.6
2025-08-08T00:00:00.140688+0800,60.9.1.51,taurus.ns.atrustdns.com,159.226.8.6
2025-08-08T00:00:00.140711+0800,124.16.244.62,pull-t3-relay.douyincdn.com,159.226.8.6
2025-08-08T00:00:00.140723+0800,124.16.244.62,log0-applog-lq.fqnovel.com,159.226.8.6
2025-08-08T00:00:00.140733+0800,124.16.244.62,pull-t3-relay.douyincdn.com,159.226.8.6
2025-08-08T00:00:00.140755+0800,124.16.244.62,pull-t3-relay.douyincdn.com,159.226.8.6
2025-08-08T00:00:00.140774+0800,124.16.244.62,log0-applog-lq.fqnovel.com,159.226.8.6
2025-08-08T00:00:00.140802+0800,124.16.244.62,pull-t3-relay.douyincdn.com,159.226.8.6
2025-08-08T00:00:00.140813+0800,124.16.244.62,log0-applog-lq.fqnovel.com,159.226.8.6
2025-08-08T00:00:00.140822+0800,124.16.244.62,pull-t3-relay.douyincdn.com,159.226.8.6
2025-08-08T00:00:00.140852+0800,124.16.244.62,log0-applog-lq.fqnovel.com,159.226.8.6
2025-08-08T00:00:00.140897+0800,124.16.244.62,log0-applog-lq.fqnovel.com,159.226.8.6
2025-08-08T00:00:00.140935+0800,159.226.240.66,lxdt.v.trpcdn.net,159.226.8.6
2025-08-08T00:00:00.140946+0800,159.226.240.66,lxdt.v.trpcdn.net,159.226.8.6
2025-08-08T00:00:00.140954+0800,60.9.1.51,exmxbx.flimo-pre.info.a1.initkk.com,159.226.8.6
2025-08-08T00:00:00.140973+0800,159.226.240.66,lxdt.v.trpcdn.net,159.226.8.6
2025-08-08T00:00:00.141008+0800,211.100.8.124,tyree.ns.atrustdns.com,159.226.8.6
2025-08-08T00:00:00.141018+0800,211.100.8.124,tyree.ns.atrustdns.com,159.226.8.6
2025-08-08T00:00:00.141028+0800,60.9.1.51,exmxbx.flimo-pre.info.a1.initkk.com,159.226.8.6
2025-08-08T00:00:00.141036+0800,211.100.8.124,tyree.ns.atrustdns.com,159.226.8.6
2025-08-08T00:00:00.141059+0800,211.100.8.124,tyree.ns.atrustdns.com,159.226.8.6
2025-08-08T00:00:00.141096+0800,159.226.22.29,upos-sz-estgcos.bilivideo.com,159.226.8.6
2025-08-08T00:00:00.141107+0800,159.226.22.29,upos-sz-estgcos.bilivideo.com,159.226.8.6
2025-08-08T00:00:00.141131+0800,159.226.22.29,upos-sz-estgcos.bilivideo.com,159.226.8.6
2025-08-08T00:00:00.539693+0800,39.96.135.67,dom.ns.atrustdns.com,159.226.8.6
2025-08-08T00:00:00.539716+0800,39.96.135.67,dom.ns.atrustdns.com,159.226.8.6
2025-08-08T00:00:00.539724+0800,39.96.135.67,dom.ns.atrustdns.com,159.226.8.6
2025-08-08T00:00:00.539733+0800,39.96.135.67,dom.ns.atrustdns.com,159.226.8.6
2025-08-08T00:00:00.539740+0800,39.96.135.67,dom.ns.atrustdns.com,159.226.8.6
2025-08-08T00:00:00.539769+0800,39.96.135.67,dom.ns.atrustdns.com,159.226.8.6
2025-08-08T00:00:00.539790+0800,39.96.135.67,dom.ns.atrustdns.com,159.226.8.6
2025-08-08T00:00:00.539808+0800,39.96.135.67,dom.ns.atrustdns.com,159.226.8.6
2025-08-08T00:00:00.539831+0800,159.226.205.93,www.w3.org,159.226.8.6
2025-08-08T00:00:00.539842+0800,159.226.205.93,www.w3.org,159.226.8.6
2025-08-08T00:00:00.539850+0800,221.195.21.135,temple.ns.atrustdns.com,159.226.8.6
2025-08-08T00:00:00.539862+0800,159.226.205.93,www.w3.org,159.226.8.6
2025-08-08T00:00:00.539882+0800,221.195.21.135,temple.ns.atrustdns.com,159.226.8.6
2025-08-08T00:00:00.539893+0800,159.226.205.93,www.w3.org,159.226.8.6
2025-08-08T00:00:00.539911+0800,221.195.21.135,temple.ns.atrustdns.com,159.226.8.6
2025-08-08T00:00:00.539932+0800,221.195.21.135,temple.ns.atrustdns.com,159.226.8.6
2025-08-08T00:00:00.539950+0800,210.72.88.146,ioshost.qtlcdn.com,159.226.8.6
2025-08-08T00:00:00.539961+0800,210.72.88.146,ioshost.qtlcdn.com,159.226.8.6
2025-08-08T00:00:00.539968+0800,124.17.34.1,clasic.cf.localhost,159.226.8.6
2025-08-08T00:00:00.539978+0800,210.72.88.146,ioshost.qtlcdn.com,159.226.8.6
2025-08-08T00:00:00.539993+0800,111.62.25.58,transantarctic.ns.atrustdns.com,159.226.8.6
2025-08-08T00:00:00.540022+0800,111.62.25.58,transantarctic.ns.atrustdns.com,159.226.8.6
2025-08-08T00:00:00.540040+0800,111.62.25.58,transantarctic.ns.atrustdns.com,159.226.8.6
2025-08-08T00:00:00.540051+0800,124.17.34.1,redis,159.226.8.6
2025-08-08T00:00:00.540076+0800,111.62.25.58,transantarctic.ns.atrustdns.com,159.226.8.6
2025-08-08T00:00:00.540099+0800,159.226.26.5,www.jianshu.com,159.226.8.6
2025-08-08T00:00:00.540109+0800,159.226.26.5,www.jianshu.com,159.226.8.6
2025-08-08T00:00:00.540117+0800,159.226.26.5,www.jianshu.com,159.226.8.6
2025-08-08T00:00:00.559646+0800,8.146.164.6,mediterranean-x.ns.atrustdns.com,159.226.8.6
2025-08-08T00:00:00.559664+0800,8.146.164.6,mediterranean-x.ns.atrustdns.com,159.226.8.6
2025-08-08T00:00:00.559672+0800,8.146.164.6,mediterranean-x.ns.atrustdns.com,159.226.8.6
2025-08-08T00:00:00.559682+0800,8.146.164.6,mediterranean-x.ns.atrustdns.com,159.226.8.6
2025-08-08T00:00:00.559689+0800,8.146.164.6,mediterranean-x.ns.atrustdns.com,159.226.8.6
2025-08-08T00:00:00.559709+0800,8.146.164.6,mediterranean-x.ns.atrustdns.com,159.226.8.6
2025-08-08T00:00:00.559724+0800,8.146.164.6,mediterranean-x.ns.atrustdns.com,159.226.8.6
2025-08-08T00:00:00.559742+0800,8.146.164.6,mediterranean-x.ns.atrustdns.com,159.226.8.6
2025-08-08T00:00:00.559759+0800,101.200.28.141,alitest.onemtservers.com,159.226.8.6
2025-08-08T00:00:00.559770+0800,101.200.28.141,alitest.onemtservers.com,159.226.8.6
2025-08-08T00:00:00.559778+0800,101.200.28.141,alitest.onemtservers.com,159.226.8.6
2025-08-08T00:00:00.559791+0800,101.200.28.141,alitest.onemtservers.com,159.226.8.6
2025-08-08T00:00:00.559799+0800,101.200.28.141,alitest.onemtservers.com,159.226.8.6
2025-08-08T00:00:00.559817+0800,101.200.28.141,alitest.onemtservers.com,159.226.8.6
2025-08-08T00:00:00.559835+0800,101.200.28.141,alitest.onemtservers.com,159.226.8.6
2025-08-08T00:00:00.559887+0800,101.200.28.141,alitest.onemtservers.com,159.226.8.6
2025-08-08T00:00:00.559930+0800,101.200.115.4,w.kunlunhuf.com,159.226.8.6
2025-08-08T00:00:00.559940+0800,101.200.115.4,w.kunlunhuf.com,159.226.8.6
2025-08-08T00:00:00.559948+0800,101.200.115.4,w.kunlunhuf.com,159.226.8.6
2025-08-08T00:00:00.559963+0800,101.200.115.4,w.kunlunhuf.com,159.226.8.6
2025-08-08T00:00:00.559977+0800,101.200.115.4,w.kunlunhuf.com,159.226.8.6
2025-08-08T00:00:00.559987+0800,101.200.115.4,w.kunlunhuf.com,159.226.8.6
2025-08-08T00:00:00.559994+0800,121.29.103.5,coral.ns.edgegslb.com,159.226.8.6
2025-08-08T00:00:00.560007+0800,101.200.115.4,w.kunlunhuf.com,159.226.8.6
2025-08-08T00:00:00.560022+0800,101.200.115.4,w.kunlunhuf.com,159.226.8.6
2025-08-08T00:00:00.560036+0800,182.92.246.129,img-swarm.ucweb.com.queniuaa.com,159.226.8.6
2025-08-08T00:00:00.560046+0800,182.92.246.129,img-swarm.ucweb.com.queniuaa.com,159.226.8.6
2025-08-08T00:00:00.563640+0800,39.103.26.96,ws-spot.acc-de.com.w.kunlungr.com,159.226.8.6
2025-08-08T00:00:00.563665+0800,39.103.26.96,ws-spot.acc-de.com.w.kunlungr.com,159.226.8.6
2025-08-08T00:00:00.563684+0800,159.226.74.170,clock.redhat.com,159.226.8.6
2025-08-08T00:00:00.563694+0800,159.226.74.170,clock.redhat.com,159.226.8.6
2025-08-08T00:00:00.563704+0800,202.127.144.62,api-access.pangolin-sdk-toutiao1.com,159.226.8.6
2025-08-08T00:00:00.563714+0800,202.127.144.62,api-access.pangolin-sdk-toutiao1.com,159.226.8.6
2025-08-08T00:00:00.563760+0800,159.226.166.180,detectportal.firefox.com,159.226.8.6
2025-08-08T00:00:00.563770+0800,159.226.166.180,detectportal.firefox.com,159.226.8.6
2025-08-08T00:00:00.563778+0800,202.127.144.62,api-access.pangolin-sdk-toutiao1.com,159.226.8.6
2025-08-08T00:00:00.563800+0800,202.127.144.62,api-access.pangolin-sdk-toutiao1.com,159.226.8.6
2025-08-08T00:00:00.563821+0800,8.147.40.136,jura.ns.atrustdns.com,159.226.8.6
2025-08-08T00:00:00.563833+0800,8.147.40.136,jura.ns.atrustdns.com,159.226.8.6
2025-08-08T00:00:00.563840+0800,39.96.135.68,temple.ns.atrustdns.com,159.226.8.6
2025-08-08T00:00:00.563850+0800,39.96.135.68,temple.ns.atrustdns.com,159.226.8.6
2025-08-08T00:00:00.563857+0800,39.96.135.68,temple.ns.atrustdns.com,159.226.8.6
2025-08-08T00:00:00.563866+0800,39.96.135.68,temple.ns.atrustdns.com,159.226.8.6
2025-08-08T00:00:00.563874+0800,39.96.135.68,temple.ns.atrustdns.com,159.226.8.6
2025-08-08T00:00:00.563895+0800,39.96.135.68,temple.ns.atrustdns.com,159.226.8.6
2025-08-08T00:00:00.563913+0800,39.96.135.68,temple.ns.atrustdns.com,159.226.8.6
2025-08-08T00:00:00.563936+0800,39.96.135.68,temple.ns.atrustdns.com,159.226.8.6
2025-08-08T00:00:00.563954+0800,111.31.50.76,api-app.acc-de.com.queniuaa.com,159.226.8.6
2025-08-08T00:00:00.563964+0800,111.31.50.76,api-app.acc-de.com.queniuaa.com,159.226.8.6
2025-08-08T00:00:00.563978+0800,111.31.50.76,api-app.acc-de.com.queniuaa.com,159.226.8.6
2025-08-08T00:00:00.564008+0800,111.31.50.76,api-app.acc-de.com.queniuaa.com,159.226.8.6
2025-08-08T00:00:00.619509+0800,202.127.23.160,tb-video.bdstatic.com,159.226.8.6
2025-08-08T00:00:00.619526+0800,202.127.23.160,tb-video.bdstatic.com,159.226.8.6
2025-08-08T00:00:00.619535+0800,124.16.189.196,analysis.sangfor.com.cn,159.226.8.6
2025-08-08T00:00:00.619557+0800,202.127.23.160,tb-video.bdstatic.com,159.226.8.6
2025-08-08T00:00:00.619596+0800,121.89.137.5,logan.ns.atrustdns.com,159.226.8.6
2025-08-08T00:00:00.619607+0800,121.89.137.5,logan.ns.atrustdns.com,159.226.8.6
2025-08-08T00:00:00.619615+0800,124.16.137.194,mask-api.icloud.com,159.226.8.6
2025-08-08T00:00:00.619624+0800,124.16.137.194,mask-api.icloud.com,159.226.8.6
2025-08-08T00:00:00.619632+0800,121.89.137.5,logan.ns.atrustdns.com,159.226.8.6
2025-08-08T00:00:00.619650+0800,121.89.137.5,logan.ns.atrustdns.com,159.226.8.6
2025-08-08T00:00:00.619671+0800,8.141.176.200,sgpic3.ok.com.a1.initcc.com,159.226.8.6
2025-08-08T00:00:00.619681+0800,8.141.176.200,sgpic3.ok.com.a1.initcc.com,159.226.8.6
2025-08-08T00:00:00.619689+0800,124.16.137.194,mask-api.icloud.com,159.226.8.6
2025-08-08T00:00:00.619707+0800,8.141.176.200,sgpic3.ok.com.a1.initcc.com,159.226.8.6
2025-08-08T00:00:00.619717+0800,8.141.176.200,sgpic3.ok.com.a1.initcc.com,159.226.8.6
2025-08-08T00:00:00.619725+0800,121.89.137.5,logan.ns.atrustdns.com,159.226.8.6
2025-08-08T00:00:00.619734+0800,121.89.137.5,logan.ns.atrustdns.com,159.226.8.6
2025-08-08T00:00:00.619742+0800,8.141.176.200,sgpic3.ok.com.a1.initcc.com,159.226.8.6
2025-08-08T00:00:00.619759+0800,8.141.176.200,sgpic3.ok.com.a1.initcc.com,159.226.8.6
2025-08-08T00:00:00.619774+0800,121.89.137.5,logan.ns.atrustdns.com,159.226.8.6
2025-08-08T00:00:00.619793+0800,121.89.137.5,logan.ns.atrustdns.com,159.226.8.6
2025-08-08T00:00:00.619814+0800,8.141.176.200,sgpic3.ok.com.a1.initcc.com,159.226.8.6
2025-08-08T00:00:00.619852+0800,124.16.137.194,mask-api.icloud.com,159.226.8.6
2025-08-08T00:00:00.619864+0800,8.141.176.200,sgpic3.ok.com.a1.initcc.com,159.226.8.6
2025-08-08T00:00:00.619901+0800,124.16.137.194,mask-api.icloud.com,159.226.8.6
2025-08-08T00:00:00.619926+0800,124.16.137.194,mask-api.icloud.com,159.226.8.6
2025-08-08T00:00:00.619975+0800,39.101.98.9,alpamayo.ns.atrustdns.com,159.226.8.6
2025-08-08T00:00:00.643455+0800,120.211.116.21,dolomites.ns.atrustdns.com,159.226.8.6
2025-08-08T00:00:00.643471+0800,120.211.116.21,dolomites.ns.atrustdns.com,159.226.8.6
2025-08-08T00:00:00.643494+0800,183.242.254.158,sgminorshort.wechat.com,159.226.8.6
2025-08-08T00:00:00.643504+0800,39.105.224.211,karakoram.ns.atrustdns.com,159.226.8.6
2025-08-08T00:00:00.643514+0800,39.105.224.211,karakoram.ns.atrustdns.com,159.226.8.6
2025-08-08T00:00:00.643522+0800,39.105.224.211,karakoram.ns.atrustdns.com,159.226.8.6
2025-08-08T00:00:00.643534+0800,39.105.224.211,karakoram.ns.atrustdns.com,159.226.8.6
2025-08-08T00:00:00.643542+0800,210.77.16.1,api.miwifi.com,159.226.8.6
2025-08-08T00:00:00.643551+0800,76.124.223.16,gsu.edu,159.226.8.6
2025-08-08T00:00:00.643561+0800,39.105.224.211,karakoram.ns.atrustdns.com,159.226.8.6
2025-08-08T00:00:00.643580+0800,39.105.224.211,karakoram.ns.atrustdns.com,159.226.8.6
2025-08-08T00:00:00.643598+0800,39.105.224.211,karakoram.ns.atrustdns.com,159.226.8.6
2025-08-08T00:00:00.643620+0800,39.105.224.211,karakoram.ns.atrustdns.com,159.226.8.6
2025-08-08T00:00:00.643639+0800,210.77.16.1,api.miwifi.com,159.226.8.6
2025-08-08T00:00:00.643659+0800,221.195.21.158,api.xtransfer.cn.a1.initll.com,159.226.8.6
2025-08-08T00:00:00.643690+0800,221.195.21.158,api.xtransfer.cn.a1.initll.com,159.226.8.6
2025-08-08T00:00:00.643711+0800,221.195.21.158,api.xtransfer.cn.a1.initll.com,159.226.8.6
2025-08-08T00:00:00.643761+0800,221.195.21.158,api.xtransfer.cn.a1.initll.com,159.226.8.6
2025-08-08T00:00:00.643782+0800,202.127.29.247,a6-remad.qm989.com,159.226.8.6
2025-08-08T00:00:00.643794+0800,202.127.29.247,a6-remad.qm989.com,159.226.8.6
2025-08-08T00:00:00.643801+0800,202.127.29.247,a6-remad.qm989.com,159.226.8.6
2025-08-08T00:00:00.643815+0800,202.127.29.247,a6-remad.qm989.com,159.226.8.6
2025-08-08T00:00:00.643829+0800,120.211.116.21,kanchenjunga.ns.atrustdns.com,159.226.8.6
2025-08-08T00:00:00.643840+0800,120.211.116.21,kanchenjunga.ns.atrustdns.com,159.226.8.6
2025-08-08T00:00:00.659416+0800,39.96.152.3,n.dingtalk.com,159.226.8.6
2025-08-08T00:00:00.778098+0800,210.72.133.251,6rt.tace.ru,159.226.8.6
2025-08-08T00:00:00.778113+0800,210.72.133.251,6rt.tace.ru,159.226.8.6
2025-08-08T00:00:00.778162+0800,111.13.104.6,api-swap.acc-de.com.queniuaa.com,159.226.8.6
2025-08-08T00:00:00.778173+0800,111.13.104.6,api-swap.acc-de.com.queniuaa.com,159.226.8.6
2025-08-08T00:00:00.778192+0800,121.89.63.131,eiger.ns.atrustdns.com,159.226.8.6
2025-08-08T00:00:00.778202+0800,121.89.63.131,eiger.ns.atrustdns.com,159.226.8.6
2025-08-08T00:00:00.778209+0800,221.204.80.100,kilimanjaro.ns.atrustdns.com,159.226.8.6
2025-08-08T00:00:00.778219+0800,111.13.104.6,api-swap.acc-de.com.queniuaa.com,159.226.8.6
2025-08-08T00:00:00.778229+0800,121.89.63.131,eiger.ns.atrustdns.com,159.226.8.6
2025-08-08T00:00:00.778239+0800,121.89.63.131,eiger.ns.atrustdns.com,159.226.8.6
2025-08-08T00:00:00.778249+0800,119.78.107.165,www.baidu.com,159.226.8.6
2025-08-08T00:00:00.778258+0800,119.78.107.165,www.baidu.com,159.226.8.6
2025-08-08T00:00:00.778266+0800,119.78.240.89,pull-b5.douyincdn.com,159.226.8.6
2025-08-08T00:00:00.778274+0800,119.78.240.89,pull-b5.douyincdn.com,159.226.8.6
2025-08-08T00:00:00.778282+0800,8.141.176.198,pennines-x.ns.atrustdns.com,159.226.8.6
2025-08-08T00:00:00.778291+0800,8.141.176.198,pennines-x.ns.atrustdns.com,159.226.8.6
2025-08-08T00:00:00.778303+0800,119.78.107.165,www.baidu.com,159.226.8.6
2025-08-08T00:00:00.778328+0800,119.78.240.89,pull-b5.douyincdn.com,159.226.8.6
2025-08-08T00:00:00.778372+0800,119.78.240.89,pull-b5.douyincdn.com,159.226.8.6
2025-08-08T00:00:00.778408+0800,8.141.176.198,pennines-x.ns.atrustdns.com,159.226.8.6
2025-08-08T00:00:00.778419+0800,8.141.176.198,pennines-x.ns.atrustdns.com,159.226.8.6
2025-08-08T00:00:00.778427+0800,8.141.176.198,pennines-x.ns.atrustdns.com,159.226.8.6
2025-08-08T00:00:00.778445+0800,8.141.176.198,pennines-x.ns.atrustdns.com,159.226.8.6
2025-08-08T00:00:00.778460+0800,61.240.144.209,rainier.ns.atrustdns.com,159.226.8.6
2025-08-08T00:00:00.778470+0800,8.141.176.198,pennines-x.ns.atrustdns.com,159.226.8.6
2025-08-08T00:00:00.778488+0800,8.141.176.198,pennines-x.ns.atrustdns.com,159.226.8.6
2025-08-08T00:00:07.802767+0800,60.245.194.11,nsfc1,159.226.8.6
2025-08-08T00:00:07.802792+0800,60.245.194.11,nsfc1,159.226.8.6
2025-08-08T00:00:07.802801+0800,60.245.194.11,nsfc1,159.226.8.6
2025-08-08T00:00:07.802812+0800,60.245.194.11,nsfc1,159.226.8.6
2025-08-08T00:00:07.802908+0800,159.226.35.253,maptile-drcn.dbankcdn.cn,159.226.8.6
2025-08-08T00:00:07.802918+0800,159.226.35.253,h5hosting.dbankcdn.com,159.226.8.6
2025-08-08T00:00:07.802927+0800,159.226.35.253,h5hosting.dbankcdn.com,159.226.8.6
2025-08-08T00:00:07.802959+0800,159.226.35.253,h5hosting.dbankcdn.com,159.226.8.6
2025-08-08T00:00:07.802984+0800,159.226.35.253,maptile-drcn.dbankcdn.cn,159.226.8.6
2025-08-08T00:00:07.803010+0800,159.226.35.253,maptile-drcn.dbankcdn.cn,159.226.8.6
2025-08-08T00:00:07.803037+0800,119.78.250.8,dns.msftncsi.com,159.226.8.6
2025-08-08T00:00:07.803048+0800,119.78.250.8,dns.msftncsi.com,159.226.8.6
2025-08-08T00:00:07.803061+0800,119.78.250.8,dns.msftncsi.com,159.226.8.6
2025-08-08T00:00:07.803081+0800,119.78.250.8,dns.msftncsi.com,159.226.8.6
2025-08-08T00:00:09.283317+0800,159.226.127.55,detectportal.firefox.com,159.226.8.6
2025-08-08T00:00:09.283343+0800,159.226.127.55,detectportal.firefox.com,159.226.8.6
2025-08-08T00:00:09.283352+0800,159.226.127.55,detectportal.firefox.com,159.226.8.6
2025-08-08T00:00:09.283384+0800,39.100.171.135,pennines-x.ns.atrustdns.com,159.226.8.6
2025-08-08T00:00:09.283396+0800,39.100.171.135,pennines-x.ns.atrustdns.com,159.226.8.6
2025-08-08T00:00:09.283403+0800,39.100.171.135,pennines-x.ns.atrustdns.com,159.226.8.6
2025-08-08T00:00:09.283428+0800,39.100.171.135,pennines-x.ns.atrustdns.com,159.226.8.6
2025-08-08T00:00:09.283447+0800,39.100.171.135,pennines-x.ns.atrustdns.com,159.226.8.6
2025-08-08T00:00:09.283457+0800,39.100.171.135,pennines-x.ns.atrustdns.com,159.226.8.6
2025-08-08T00:00:09.283465+0800,39.100.171.135,pennines-x.ns.atrustdns.com,159.226.8.6
2025-08-08T00:00:09.283481+0800,39.100.171.135,pennines-x.ns.atrustdns.com,159.226.8.6
2025-08-08T00:00:09.283502+0800,8.152.80.22,api-app.acc-de.com.queniuaa.com,159.226.8.6
2025-08-08T00:00:09.283512+0800,8.152.80.22,api-app.acc-de.com.queniuaa.com,159.226.8.6
2025-08-08T00:00:09.283519+0800,8.152.80.22,api-app.acc-de.com.queniuaa.com,159.226.8.6
2025-08-08T00:00:09.283527+0800,8.152.80.22,api-app.acc-de.com.queniuaa.com,159.226.8.6
2025-08-08T00:00:09.283534+0800,8.152.80.22,api-app.acc-de.com.queniuaa.com,159.226.8.6
2025-08-08T00:00:09.283549+0800,8.152.80.22,api-app.acc-de.com.queniuaa.com,159.226.8.6
2025-08-08T00:00:09.283563+0800,111.32.211.212,static-app.acc-de.com.w.kunlungr.com,159.226.8.6
2025-08-08T00:00:09.283575+0800,8.152.80.22,api-app.acc-de.com.queniuaa.com,159.226.8.6
2025-08-08T00:00:09.283601+0800,8.152.80.22,api-app.acc-de.com.queniuaa.com,159.226.8.6
2025-08-08T00:00:09.283623+0800,111.32.211.212,static-app.acc-de.com.w.kunlungr.com,159.226.8.6
2025-08-08T00:00:09.283641+0800,111.32.211.212,static-app.acc-de.com.w.kunlungr.com,159.226.8.6
2025-08-08T00:00:09.283651+0800,111.32.211.212,static-app.acc-de.com.w.kunlungr.com,159.226.8.6
2025-08-08T00:00:09.283675+0800,159.226.216.58,mac.cloud.tenda.com.cn,159.226.8.6
2025-08-08T00:00:09.283685+0800,36.144.22.125,dom.ns.atrustdns.com,159.226.8.6
2025-08-08T00:00:09.283694+0800,159.226.216.58,mac.cloud.tenda.com.cn,159.226.8.6
2025-08-08T00:00:09.283711+0800,159.226.216.58,mac.cloud.tenda.com.cn,159.226.8.6
2025-08-08T00:00:09.283731+0800,36.144.22.125,dom.ns.atrustdns.com,159.226.8.6
2025-08-08T00:00:09.283750+0800,36.144.22.125,dom.ns.atrustdns.com,159.226.8.6
2025-08-08T00:00:09.283759+0800,36.144.22.125,dom.ns.atrustdns.com,159.226.8.6
2025-08-08T00:00:09.434963+0800,221.204.80.98,noshaq.ns.atrustdns.com,159.226.8.6
2025-08-08T00:00:09.434982+0800,221.204.80.98,noshaq.ns.atrustdns.com,159.226.8.6
2025-08-08T00:00:09.434994+0800,221.204.80.98,noshaq.ns.atrustdns.com,159.226.8.6
2025-08-08T00:00:09.435020+0800,221.204.80.98,noshaq.ns.atrustdns.com,159.226.8.6
2025-08-08T00:00:09.435042+0800,221.195.20.6,meru.ns.atrustdns.com,159.226.8.6
2025-08-08T00:00:09.435054+0800,114.247.184.207,ararat.ns.atrustdns.com,159.226.8.6
2025-08-08T00:00:09.435066+0800,114.247.184.207,ararat.ns.atrustdns.com,159.226.8.6
2025-08-08T00:00:09.435076+0800,114.247.184.207,ararat.ns.atrustdns.com,159.226.8.6
2025-08-08T00:00:09.435107+0800,114.247.184.207,ararat.ns.atrustdns.com,159.226.8.6
2025-08-08T00:00:09.435127+0800,36.144.22.126,api-app.acc-de.com.queniuaa.com,159.226.8.6
2025-08-08T00:00:09.435139+0800,36.144.22.126,api-app.acc-de.com.queniuaa.com,159.226.8.6
2025-08-08T00:00:09.435155+0800,36.144.22.126,api-app.acc-de.com.queniuaa.com,159.226.8.6
2025-08-08T00:00:09.435165+0800,36.144.22.126,api-app.acc-de.com.queniuaa.com,159.226.8.6
2025-08-08T00:00:09.435204+0800,8.143.245.69,sgpic3.ok.com.a1.initcc.com,159.226.8.6
2025-08-08T00:00:09.435215+0800,8.143.245.69,sgpic3.ok.com.a1.initcc.com,159.226.8.6
2025-08-08T00:00:09.435254+0800,8.143.245.69,sgpic3.ok.com.a1.initcc.com,159.226.8.6
2025-08-08T00:00:09.435293+0800,120.211.116.28,jura.ns.atrustdns.com,159.226.8.6
2025-08-08T00:00:09.435306+0800,60.222.12.131,sgj2.ok.com.a1.initcc.com,159.226.8.6
2025-08-08T00:00:09.435316+0800,120.211.116.28,jura.ns.atrustdns.com,159.226.8.6
2025-08-08T00:00:09.435336+0800,120.211.116.28,jura.ns.atrustdns.com,159.226.8.6
2025-08-08T00:00:09.435345+0800,39.96.152.5,grand-teton.ns.atrustdns.com,159.226.8.6
2025-08-08T00:00:09.435356+0800,39.96.152.5,grand-teton.ns.atrustdns.com,159.226.8.6
2025-08-08T00:00:09.435364+0800,120.211.116.28,jura.ns.atrustdns.com,159.226.8.6
2025-08-08T00:00:09.435382+0800,39.96.152.5,grand-teton.ns.atrustdns.com,159.226.8.6
2025-08-08T00:00:09.435392+0800,119.78.67.129,api.miwifi.com,159.226.8.6
2025-08-08T00:00:09.435404+0800,119.78.67.129,api.miwifi.com,159.226.8.6
2025-08-08T00:00:09.435411+0800,119.78.67.129,api.miwifi.com,159.226.8.6
2025-08-08T00:00:09.435427+0800,119.78.67.129,api.miwifi.com,159.226.8.6
2025-08-08T00:00:09.626521+0800,159.226.26.5,www.amazon.cn,159.226.8.6
2025-08-08T00:00:09.626540+0800,159.226.26.5,www.amazon.cn,159.226.8.6
2025-08-08T00:00:09.626548+0800,159.226.26.5,cn.bing.com,159.226.8.6
2025-08-08T00:00:09.626557+0800,159.226.26.5,cn.bing.com,159.226.8.6
2025-08-08T00:00:09.626564+0800,159.226.26.5,www.iqiyi.com,159.226.8.6
2025-08-08T00:00:09.626572+0800,159.226.26.5,www.iqiyi.com,159.226.8.6
2025-08-08T00:00:09.626579+0800,159.226.26.5,www.amazon.cn,159.226.8.6
2025-08-08T00:00:09.626602+0800,159.226.26.5,www.amazon.cn,159.226.8.6
2025-08-08T00:00:09.626623+0800,159.226.26.5,cn.bing.com,159.226.8.6
2025-08-08T00:00:09.626647+0800,159.226.26.5,cn.bing.com,159.226.8.6
2025-08-08T00:00:09.626669+0800,159.226.26.5,www.iqiyi.com,159.226.8.6
2025-08-08T00:00:09.626700+0800,159.226.26.5,www.iqiyi.com,159.226.8.6
2025-08-08T00:00:09.626736+0800,159.226.26.5,www.cea.gov.cn,159.226.8.6
2025-08-08T00:00:09.626746+0800,159.226.26.5,www.alibabagroup.com,159.226.8.6
2025-08-08T00:00:09.626754+0800,159.226.26.5,www.alibabagroup.com,159.226.8.6
2025-08-08T00:00:09.626762+0800,159.226.26.5,www.alibabagroup.com,159.226.8.6
2025-08-08T00:00:09.626789+0800,159.226.26.5,www.alibabagroup.com,159.226.8.6
2025-08-08T00:00:09.626813+0800,159.226.26.5,www.cea.gov.cn,159.226.8.6
2025-08-08T00:00:09.626834+0800,159.226.26.5,www.cea.gov.cn,159.226.8.6
2025-08-08T00:00:09.626857+0800,124.17.34.1,redis,159.226.8.6
2025-08-08T00:00:09.626867+0800,159.226.165.23,updates.tannereda.com,159.226.8.6
2025-08-08T00:00:09.626876+0800,159.226.165.23,updates.tannereda.com,159.226.8.6
2025-08-08T00:00:09.626883+0800,159.226.165.23,updates.tannereda.com,159.226.8.6
2025-08-08T00:00:09.626890+0800,159.226.165.23,updates.tannereda.com,159.226.8.6
2025-08-08T00:00:09.626898+0800,159.226.165.23,updates.tannereda.com,159.226.8.6
2025-08-08T00:00:09.626933+0800,159.226.165.23,updates.tannereda.com,159.226.8.6
2025-08-08T00:00:09.626948+0800,159.226.165.23,updates.tannereda.com,159.226.8.6
2025-08-08T00:00:09.626962+0800,159.226.165.23,aexshbgp01.114837322.xyz,159.226.8.6
2025-08-08T00:00:09.638493+0800,111.62.25.9,img-peco.ucweb.com.queniuaa.com,159.226.8.6
2025-08-08T00:00:09.638511+0800,111.62.25.9,img-peco.ucweb.com.queniuaa.com,159.226.8.6
2025-08-08T00:00:09.638521+0800,111.62.25.9,img-peco.ucweb.com.queniuaa.com,159.226.8.6
2025-08-08T00:00:09.638542+0800,119.78.240.96,openapi.ccrgt.com,159.226.8.6
2025-08-08T00:00:09.638552+0800,119.78.240.96,openapi.ccrgt.com,159.226.8.6
2025-08-08T00:00:09.638560+0800,111.62.25.9,img-peco.ucweb.com.queniuaa.com,159.226.8.6
2025-08-08T00:00:09.638601+0800,119.78.240.96,openapi.ccrgt.com,159.226.8.6
2025-08-08T00:00:09.638623+0800,119.78.240.96,openapi.ccrgt.com,159.226.8.6
2025-08-08T00:00:09.638640+0800,210.72.20.5,openbox.mobilem.360.cn,159.226.8.6
2025-08-08T00:00:09.638650+0800,210.72.20.5,openbox.mobilem.360.cn,159.226.8.6
2025-08-08T00:00:09.638658+0800,210.72.20.5,openbox.mobilem.360.cn,159.226.8.6
2025-08-08T00:00:09.638675+0800,210.72.20.5,openbox.mobilem.360.cn,159.226.8.6
2025-08-08T00:00:09.638694+0800,101.72.238.123,api-wink.meitumv.com,159.226.8.6
2025-08-08T00:00:09.638704+0800,101.72.238.123,api-wink.meitumv.com,159.226.8.6
2025-08-08T00:00:09.638713+0800,101.72.238.123,api-wink.meitumv.com,159.226.8.6
2025-08-08T00:00:09.638728+0800,183.201.221.91,ws-spot.acc-de.com.w.kunlungr.com,159.226.8.6
2025-08-08T00:00:09.638739+0800,101.72.238.123,api-wink.meitumv.com,159.226.8.6
2025-08-08T00:00:09.638762+0800,159.226.240.66,ios-pclog.i4.cn.wsglb0.com,159.226.8.6
2025-08-08T00:00:09.638772+0800,159.226.240.66,ios-pclog.i4.cn.wsglb0.com,159.226.8.6
2025-08-08T00:00:09.638789+0800,159.226.240.66,ios-pclog.i4.cn.wsglb0.com,159.226.8.6
2025-08-08T00:00:09.638804+0800,210.73.35.3,badjs.weixinbridge.com,159.226.8.6
2025-08-08T00:00:09.638814+0800,210.73.35.3,badjs.weixinbridge.com,159.226.8.6
2025-08-08T00:00:09.638821+0800,210.73.35.3,badjs.weixinbridge.com,159.226.8.6
2025-08-08T00:00:09.638838+0800,210.73.35.3,badjs.weixinbridge.com,159.226.8.6
2025-08-08T00:00:09.638857+0800,159.226.240.66,tencent.com,159.226.8.6
2025-08-08T00:00:09.638867+0800,159.226.240.66,tencent.com,159.226.8.6
2025-08-08T00:00:09.694363+0800,222.192.186.130,exmxbx.flimo-pre.info.a1.initkk.com,159.226.8.6
2025-08-08T00:00:09.694382+0800,182.92.246.129,img-swarm.ucweb.com.queniuaa.com,159.226.8.6
2025-08-08T00:00:09.694392+0800,182.92.246.129,img-swarm.ucweb.com.queniuaa.com,159.226.8.6
2025-08-08T00:00:09.694400+0800,101.200.115.3,dom.ns.atrustdns.com,159.226.8.6
2025-08-08T00:00:09.694409+0800,101.200.115.3,dom.ns.atrustdns.com,159.226.8.6
2025-08-08T00:00:09.694443+0800,202.127.207.1,translate-useraction-api.xiangtatech.com,159.226.8.6
2025-08-08T00:00:09.694456+0800,202.127.207.1,translate-useraction-api.xiangtatech.com,159.226.8.6
2025-08-08T00:00:09.694464+0800,182.92.246.129,img-swarm.ucweb.com.queniuaa.com,159.226.8.6
2025-08-08T00:00:09.694489+0800,182.92.246.129,img-swarm.ucweb.com.queniuaa.com,159.226.8.6
2025-08-08T00:00:09.694511+0800,202.127.207.1,translate-useraction-api.xiangtatech.com,159.226.8.6
2025-08-08T00:00:09.694522+0800,202.127.207.1,translate-useraction-api.xiangtatech.com,159.226.8.6
2025-08-08T00:00:09.694533+0800,101.200.115.3,dom.ns.atrustdns.com,159.226.8.6
2025-08-08T00:00:09.694553+0800,101.200.115.3,dom.ns.atrustdns.com,159.226.8.6
2025-08-08T00:00:09.694572+0800,202.127.207.1,translate-useraction-api.xiangtatech.com,159.226.8.6
2025-08-08T00:00:09.694582+0800,202.127.207.1,translate-useraction-api.xiangtatech.com,159.226.8.6
2025-08-08T00:00:09.694590+0800,202.127.207.1,translate-useraction-api.xiangtatech.com,159.226.8.6
2025-08-08T00:00:09.694610+0800,202.127.207.1,translate-useraction-api.xiangtatech.com,159.226.8.6
2025-08-08T00:00:09.694627+0800,202.127.207.1,translate-useraction-api.xiangtatech.com,159.226.8.6
2025-08-08T00:00:09.694642+0800,202.127.207.1,translate-useraction-api.xiangtatech.com,159.226.8.6
2025-08-08T00:00:09.694660+0800,202.127.207.1,translate-useraction-api.xiangtatech.com,159.226.8.6
2025-08-08T00:00:09.694677+0800,202.127.207.1,translate-useraction-api.xiangtatech.com,159.226.8.6
2025-08-08T00:00:09.694692+0800,101.200.115.3,dom.ns.atrustdns.com,159.226.8.6
2025-08-08T00:00:09.694702+0800,101.200.115.3,dom.ns.atrustdns.com,159.226.8.6
2025-08-08T00:00:09.694710+0800,202.127.207.1,479611051-proxy.hiksemi.cn,159.226.8.6
2025-08-08T00:00:09.694719+0800,202.127.207.1,479611051-proxy.hiksemi.cn,159.226.8.6
2025-08-08T00:00:09.710324+0800,117.133.158.183,functional.events.data.microsoft.com,159.226.8.6
2025-08-08T00:00:09.710341+0800,117.133.158.183,functional.events.data.microsoft.com,159.226.8.6
2025-08-08T00:00:09.710368+0800,39.96.135.68,bogong.ns.atrustdns.com,159.226.8.6
2025-08-08T00:00:09.710379+0800,39.96.135.68,bogong.ns.atrustdns.com,159.226.8.6
2025-08-08T00:00:09.710389+0800,39.96.135.68,bogong.ns.atrustdns.com,159.226.8.6
2025-08-08T00:00:09.710407+0800,39.96.135.68,bogong.ns.atrustdns.com,159.226.8.6
2025-08-08T00:00:09.710424+0800,39.96.135.68,bogong.ns.atrustdns.com,159.226.8.6
2025-08-08T00:00:09.710434+0800,39.96.135.68,bogong.ns.atrustdns.com,159.226.8.6
2025-08-08T00:00:09.710442+0800,39.96.135.68,bogong.ns.atrustdns.com,159.226.8.6
2025-08-08T00:00:09.710465+0800,39.96.135.68,bogong.ns.atrustdns.com,159.226.8.6
2025-08-08T00:00:09.710483+0800,120.255.47.88,sgj2.ok.com.a1.initcc.com,159.226.8.6
2025-08-08T00:00:09.710494+0800,120.255.47.88,sgj2.ok.com.a1.initcc.com,159.226.8.6
2025-08-08T00:00:09.710504+0800,120.255.47.88,sgj2.ok.com.a1.initcc.com,159.226.8.6
2025-08-08T00:00:09.710519+0800,60.6.1.133,argyle.ns.edgegslb.com,159.226.8.6
2025-08-08T00:00:09.710527+0800,120.255.47.88,sgj2.ok.com.a1.initcc.com,159.226.8.6
2025-08-08T00:00:09.710570+0800,60.6.1.133,argyle.ns.edgegslb.com,159.226.8.6
2025-08-08T00:00:09.710588+0800,8.147.40.134,singu-chuli.ns.atrustdns.com,159.226.8.6
2025-08-08T00:00:09.710599+0800,8.147.40.134,singu-chuli.ns.atrustdns.com,159.226.8.6
2025-08-08T00:00:09.710606+0800,8.147.40.134,singu-chuli.ns.atrustdns.com,159.226.8.6
2025-08-08T00:00:09.710618+0800,8.147.40.134,singu-chuli.ns.atrustdns.com,159.226.8.6
2025-08-08T00:00:09.710626+0800,8.147.40.134,singu-chuli.ns.atrustdns.com,159.226.8.6
2025-08-08T00:00:09.710644+0800,8.147.40.134,singu-chuli.ns.atrustdns.com,159.226.8.6
2025-08-08T00:00:09.710660+0800,8.147.40.134,singu-chuli.ns.atrustdns.com,159.226.8.6
2025-08-08T00:00:09.710679+0800,8.147.40.134,singu-chuli.ns.atrustdns.com,159.226.8.6
2025-08-08T00:00:09.710700+0800,60.6.1.133,hl-img.peco.uodoo.com.queniuaa.com,159.226.8.6
2025-08-08T00:00:09.710713+0800,39.96.135.68,annapurna.ns.atrustdns.com,159.226.8.6
2025-08-08T00:00:09.778164+0800,39.101.98.9,alpamayo.ns.atrustdns.com,159.226.8.6
2025-08-08T00:00:09.778187+0800,39.101.98.9,alpamayo.ns.atrustdns.com,159.226.8.6
2025-08-08T00:00:09.778197+0800,39.101.98.9,alpamayo.ns.atrustdns.com,159.226.8.6
2025-08-08T00:00:09.778208+0800,39.101.98.9,alpamayo.ns.atrustdns.com,159.226.8.6
2025-08-08T00:00:09.778233+0800,39.101.98.9,alpamayo.ns.atrustdns.com,159.226.8.6
2025-08-08T00:00:09.778251+0800,39.101.98.9,alpamayo.ns.atrustdns.com,159.226.8.6
2025-08-08T00:00:09.778271+0800,39.101.98.9,alpamayo.ns.atrustdns.com,159.226.8.6
2025-08-08T00:00:09.778293+0800,182.48.96.116,proxya.zjapp.xyz,159.226.8.6
2025-08-08T00:00:09.778304+0800,121.89.137.5,sgc2.ok.com.a1.initcc.com,159.226.8.6
2025-08-08T00:00:09.778313+0800,121.89.137.5,sgc2.ok.com.a1.initcc.com,159.226.8.6
2025-08-08T00:00:09.778321+0800,121.89.137.5,sgc2.ok.com.a1.initcc.com,159.226.8.6
2025-08-08T00:00:09.778331+0800,121.89.137.5,sgc2.ok.com.a1.initcc.com,159.226.8.6
2025-08-08T00:00:09.778338+0800,182.48.96.116,proxya.zjapp.xyz,159.226.8.6
2025-08-08T00:00:09.778347+0800,182.48.96.116,proxya.zjapp.xyz,159.226.8.6
2025-08-08T00:00:09.778363+0800,121.89.137.5,sgc2.ok.com.a1.initcc.com,159.226.8.6
2025-08-08T00:00:09.778380+0800,182.48.96.116,proxya.zjapp.xyz,159.226.8.6
2025-08-08T00:00:09.778398+0800,121.89.137.5,sgc2.ok.com.a1.initcc.com,159.226.8.6
2025-08-08T00:00:09.778413+0800,121.89.137.5,sgc2.ok.com.a1.initcc.com,159.226.8.6
2025-08-08T00:00:09.778453+0800,121.89.137.5,sgc2.ok.com.a1.initcc.com,159.226.8.6
2025-08-08T00:00:09.778490+0800,182.48.96.116,stream.deliciousdrink.store,159.226.8.6
2025-08-08T00:00:09.778502+0800,182.48.96.116,stream.deliciousdrink.store,159.226.8.6
2025-08-08T00:00:09.778512+0800,182.48.96.116,stream.deliciousdrink.store,159.226.8.6
2025-08-08T00:00:09.778533+0800,182.48.96.116,stream.deliciousdrink.store,159.226.8.6
2025-08-08T00:00:09.778556+0800,183.201.217.132,crm-tr.qmove.com.queniuaa.com,159.226.8.6
2025-08-08T00:00:09.778567+0800,183.201.217.132,crm-tr.qmove.com.queniuaa.com,159.226.8.6
2025-08-08T00:00:09.778599+0800,183.201.217.132,crm-tr.qmove.com.queniuaa.com,159.226.8.6
2025-08-08T00:00:09.778611+0800,121.89.63.23,makalu.ns.edgegslb.com,159.226.8.6
2025-08-08T00:00:09.778621+0800,121.89.63.23,makalu.ns.edgegslb.com,159.226.8.6
2025-08-08T00:00:09.778628+0800,121.89.63.23,makalu.ns.edgegslb.com,159.226.8.6
2025-08-08T00:00:09.778638+0800,121.89.63.23,makalu.ns.edgegslb.com,159.226.8.6
2025-08-08T00:00:09.778645+0800,183.201.217.132,crm-tr.qmove.com.queniuaa.com,159.226.8.6
2025-08-08T00:00:09.778660+0800,121.89.63.23,makalu.ns.edgegslb.com,159.226.8.6
2025-08-08T00:00:09.801122+0800,36.102.211.6,spin.gworldtek.com,159.226.8.6
2025-08-08T00:00:09.801141+0800,36.102.211.6,spin.gworldtek.com,159.226.8.6
2025-08-08T00:00:09.801151+0800,124.239.239.132,poc-test-aliyun-esa-micro-service.esa.sns.sohu.com.a3.inittt.com,159.226.8.6
2025-08-08T00:00:09.801161+0800,159.226.35.221,firebaseinstallations.googleapis.com,159.226.8.6
2025-08-08T00:00:09.801171+0800,36.102.211.6,spin.gworldtek.com,159.226.8.6
2025-08-08T00:00:09.801232+0800,36.102.211.6,spin.gworldtek.com,159.226.8.6
2025-08-08T00:00:09.801256+0800,159.226.35.221,firebaseinstallations.googleapis.com,159.226.8.6
2025-08-08T00:00:09.801272+0800,159.226.35.221,firebaseinstallations.googleapis.com,159.226.8.6
2025-08-08T00:00:09.801290+0800,124.239.239.132,poc-test-aliyun-esa-micro-service.esa.sns.sohu.com.a3.inittt.com,159.226.8.6
2025-08-08T00:00:09.801300+0800,39.105.224.211,tool.xiuxiu.meitu.com.a1.initww.com,159.226.8.6
2025-08-08T00:00:09.801309+0800,39.105.224.211,tool.xiuxiu.meitu.com.a1.initww.com,159.226.8.6
2025-08-08T00:00:09.801317+0800,39.105.224.211,tool.xiuxiu.meitu.com.a1.initww.com,159.226.8.6
2025-08-08T00:00:09.801326+0800,39.105.224.211,tool.xiuxiu.meitu.com.a1.initww.com,159.226.8.6
2025-08-08T00:00:09.801351+0800,39.105.224.211,tool.xiuxiu.meitu.com.a1.initww.com,159.226.8.6
2025-08-08T00:00:09.801374+0800,39.105.224.211,tool.xiuxiu.meitu.com.a1.initww.com,159.226.8.6
2025-08-08T00:00:09.801395+0800,39.105.224.211,tool.xiuxiu.meitu.com.a1.initww.com,159.226.8.6
2025-08-08T00:00:09.801415+0800,39.105.224.211,tool.xiuxiu.meitu.com.a1.initww.com,159.226.8.6
2025-08-08T00:00:09.801433+0800,120.211.116.21,kanchenjunga.ns.atrustdns.com,159.226.8.6
2025-08-08T00:00:09.801444+0800,124.16.174.210,api-std.sunlogin.oray.com,159.226.8.6
2025-08-08T00:00:09.801457+0800,119.78.250.9,simitdsoi,159.226.8.6
2025-08-08T00:00:09.801466+0800,119.78.250.9,simitdsoi,159.226.8.6
2025-08-08T00:00:09.801474+0800,202.127.29.247,api-access.pangolin-sdk-toutiao.com.queniuyk.com,159.226.8.6
2025-08-08T00:00:09.801483+0800,202.127.29.247,api-access.pangolin-sdk-toutiao.com.queniuyk.com,159.226.8.6
2025-08-08T00:00:09.801490+0800,124.16.174.210,api-std.sunlogin.oray.com,159.226.8.6
2025-08-08T00:00:09.801511+0800,221.195.63.3,uspic4.ok.com.a1.initcc.com,159.226.8.6
2025-08-08T00:00:09.801525+0800,221.195.63.3,uspic4.ok.com.a1.initcc.com,159.226.8.6
2025-08-08T00:00:09.801533+0800,101.75.246.22,mount-tai.ns.atrustdns.com,159.226.8.6
2025-08-08T00:00:10.025590+0800,159.226.198.182,hotfix.lenovo.com.cn,159.226.8.6
2025-08-08T00:00:10.025609+0800,159.226.198.182,hotfix.lenovo.com.cn,159.226.8.6
2025-08-08T00:00:10.025621+0800,36.143.205.139,sgpic1.ok.com.a1.initcc.com,159.226.8.6
2025-08-08T00:00:10.025631+0800,36.143.205.139,sgpic1.ok.com.a1.initcc.com,159.226.8.6
2025-08-08T00:00:10.025640+0800,159.226.198.182,hotfix.lenovo.com.cn,159.226.8.6
2025-08-08T00:00:10.025670+0800,36.143.205.139,sgpic1.ok.com.a1.initcc.com,159.226.8.6
2025-08-08T00:00:10.025712+0800,124.16.149.98,oth.eve.mdt.qq.com,159.226.8.6
2025-08-08T00:00:10.025724+0800,121.89.63.131,sgj2.ok.com.a1.initcc.com,159.226.8.6
2025-08-08T00:00:10.025732+0800,121.89.63.131,sgj2.ok.com.a1.initcc.com,159.226.8.6
2025-08-08T00:00:10.025740+0800,36.143.205.139,sgpic1.ok.com.a1.initcc.com,159.226.8.6
2025-08-08T00:00:10.025756+0800,124.16.149.98,oth.eve.mdt.qq.com,159.226.8.6
2025-08-08T00:00:10.025776+0800,124.16.149.98,oth.eve.mdt.qq.com,159.226.8.6
2025-08-08T00:00:10.025800+0800,121.89.63.131,sgj2.ok.com.a1.initcc.com,159.226.8.6
2025-08-08T00:00:10.025815+0800,121.89.63.131,sgj2.ok.com.a1.initcc.com,159.226.8.6
2025-08-08T00:00:10.025830+0800,121.89.63.131,sgj2.ok.com.a1.initcc.com,159.226.8.6
2025-08-08T00:00:10.025840+0800,121.89.63.131,sgj2.ok.com.a1.initcc.com,159.226.8.6
2025-08-08T00:00:10.025848+0800,61.240.144.209,rainier.ns.atrustdns.com,159.226.8.6
2025-08-08T00:00:10.025860+0800,121.89.63.131,sgj2.ok.com.a1.initcc.com,159.226.8.6
2025-08-08T00:00:10.025898+0800,121.89.63.131,sgj2.ok.com.a1.initcc.com,159.226.8.6
2025-08-08T00:00:10.025936+0800,39.100.171.133,dolomites.ns.atrustdns.com,159.226.8.6
2025-08-08T00:00:10.025948+0800,39.100.171.133,dolomites.ns.atrustdns.com,159.226.8.6
2025-08-08T00:00:10.025955+0800,61.240.144.209,rainier.ns.atrustdns.com,159.226.8.6
2025-08-08T00:00:10.025975+0800,210.72.93.225,clients2.google.com,159.226.8.6
2025-08-08T00:00:10.025984+0800,210.72.93.225,clients2.google.com,159.226.8.6
2025-08-08T00:00:10.025991+0800,39.100.171.133,dolomites.ns.atrustdns.com,159.226.8.6
2025-08-08T00:00:10.026012+0800,39.100.171.133,dolomites.ns.atrustdns.com,159.226.8.6
2025-08-08T00:00:10.026031+0800,210.72.93.225,clients2.google.com,159.226.8.6
2025-08-08T00:00:10.026050+0800,39.100.171.133,dolomites.ns.atrustdns.com,159.226.8.6
2025-08-08T00:00:10.026061+0800,39.100.171.133,dolomites.ns.atrustdns.com,159.226.8.6
2025-08-08T00:00:10.026069+0800,210.72.93.168,www.w3.org,159.226.8.6
2025-08-08T00:00:10.026077+0800,210.72.93.168,www.w3.org,159.226.8.6
2025-08-08T00:00:10.472552+0800,120.211.116.28,logan.ns.atrustdns.com,159.226.8.6
2025-08-08T00:00:10.472573+0800,120.211.116.28,logan.ns.atrustdns.com,159.226.8.6
2025-08-08T00:00:12.396062+0800,120.255.47.89,sgpic3.ok.com.a1.initcc.com,159.226.8.6
2025-08-08T00:00:12.396093+0800,36.144.22.125,uspic1.ok.com.a1.initcc.com,159.226.8.6
2025-08-08T00:00:12.396102+0800,159.226.37.20,pull-tsl-l26.douyincdn.com,159.226.8.6
2025-08-08T00:00:12.396111+0800,159.226.37.20,pull-tsl-l26.douyincdn.com,159.226.8.6
2025-08-08T00:00:12.396118+0800,36.144.22.125,uspic1.ok.com.a1.initcc.com,159.226.8.6
2025-08-08T00:00:12.396144+0800,159.226.37.20,pull-tsl-l26.douyincdn.com,159.226.8.6
2025-08-08T00:00:12.396182+0800,159.226.37.20,pull-tsl-l26.douyincdn.com,159.226.8.6
2025-08-08T00:00:14.814435+0800,8.146.128.196,spin.gworldtek.com,159.226.8.6
2025-08-08T00:00:14.814456+0800,8.146.128.196,spin.gworldtek.com,159.226.8.6
2025-08-08T00:00:14.814469+0800,8.146.128.196,spin.gworldtek.com,159.226.8.6
2025-08-08T00:00:14.814515+0800,8.146.128.196,spin.gworldtek.com,159.226.8.6
2025-08-08T00:00:14.814547+0800,60.9.1.52,dykh-tau.ns.atrustdns.com,159.226.8.6
2025-08-08T00:00:14.814558+0800,101.200.115.2,katahdin.ns.atrustdns.com,159.226.8.6
2025-08-08T00:00:14.814569+0800,101.200.115.2,katahdin.ns.atrustdns.com,159.226.8.6
2025-08-08T00:00:14.814589+0800,60.222.116.5,kazbek.ns.atrustdns.com,159.226.8.6
2025-08-08T00:00:16.223164+0800,159.226.165.23,aexshbgp01.114837322.xyz,159.226.8.6
2025-08-08T00:00:16.223187+0800,159.226.165.23,aexshbgp01.114837322.xyz,159.226.8.6
2025-08-08T00:00:16.223196+0800,159.226.165.23,aexshbgp01.114837322.xyz,159.226.8.6
2025-08-08T00:00:16.223205+0800,159.226.216.83,infoc2.duba.net,159.226.8.6
2025-08-08T00:00:16.223219+0800,159.226.165.23,aexshbgp01.114837322.xyz,159.226.8.6
2025-08-08T00:00:16.223242+0800,159.226.165.23,aexshbgp01.114837322.xyz,159.226.8.6
2025-08-08T00:00:16.223258+0800,159.226.165.23,aexshbgp01.114837322.xyz,159.226.8.6
2025-08-08T00:00:16.223273+0800,159.226.26.5,www.sohu.com,159.226.8.6
2025-08-08T00:00:16.223283+0800,124.17.34.1,redis,159.226.8.6
2025-08-08T00:00:16.223320+0800,120.211.61.9,merge-cdnesa.blueultra.net.a2.initba.com,159.226.8.6
2025-08-08T00:00:16.223330+0800,159.226.79.99,signaling-2.verysync.cn,159.226.8.6
2025-08-08T00:00:16.223339+0800,159.226.39.4,htp.miwifi.com,159.226.8.6
2025-08-08T00:00:16.223347+0800,159.226.79.99,signaling-2.verysync.cn,159.226.8.6
2025-08-08T00:00:16.223355+0800,120.211.61.9,merge-cdnesa.blueultra.net.a2.initba.com,159.226.8.6
2025-08-08T00:00:16.223448+0800,159.226.79.99,signaling-2.verysync.cn,159.226.8.6
2025-08-08T00:00:16.223485+0800,159.226.79.99,signaling-2.verysync.cn,159.226.8.6
2025-08-08T00:00:16.223521+0800,159.226.79.99,signaling-2.verysync.cn,159.226.8.6
2025-08-08T00:00:16.223541+0800,159.226.39.4,htp.miwifi.com,159.226.8.6
2025-08-08T00:00:16.223580+0800,159.226.39.4,api.gorouter.info,159.226.8.6
2025-08-08T00:00:16.223596+0800,101.200.28.142,sgimg2.ok.com.a1.initcc.com,159.226.8.6
2025-08-08T00:00:16.223608+0800,101.200.28.142,sgimg2.ok.com.a1.initcc.com,159.226.8.6
2025-08-08T00:00:16.223620+0800,101.200.28.142,sgimg2.ok.com.a1.initcc.com,159.226.8.6
2025-08-08T00:00:16.223630+0800,101.200.28.142,sgimg2.ok.com.a1.initcc.com,159.226.8.6
2025-08-08T00:00:16.223640+0800,111.62.25.58,so.douyin.com,159.226.8.6
2025-08-08T00:00:16.223674+0800,101.200.28.142,sgimg2.ok.com.a1.initcc.com,159.226.8.6
2025-08-08T00:00:16.223695+0800,101.200.28.142,sgimg2.ok.com.a1.initcc.com,159.226.8.6
2025-08-08T00:00:16.294982+0800,111.62.236.111,sgpic3.ok.com.a1.initcc.com,159.226.8.6
2025-08-08T00:00:16.294999+0800,111.62.236.111,sgpic3.ok.com.a1.initcc.com,159.226.8.6
2025-08-08T00:00:16.295010+0800,119.78.103.90,oth.eve.mdt.qq.com,159.226.8.6
2025-08-08T00:00:16.295019+0800,119.78.103.90,oth.eve.mdt.qq.com,159.226.8.6
2025-08-08T00:00:16.295027+0800,111.62.236.111,sgpic3.ok.com.a1.initcc.com,159.226.8.6
2025-08-08T00:00:16.295074+0800,111.62.236.111,sgpic3.ok.com.a1.initcc.com,159.226.8.6
2025-08-08T00:00:16.295092+0800,121.29.103.5,coral.ns.edgegslb.com,159.226.8.6
2025-08-08T00:00:16.295102+0800,119.78.103.90,oth.eve.mdt.qq.com,159.226.8.6
